# COLUMN GUIDE: n=number, year=publication year, type=[original|review|case|letter], tags=authorship roles semicolon-separated [first|co-first|last|corresponding], cat=category keys semicolon-separated (see TAXONOMY in build/utils.py), title=full title, authors=full author list, journal=journal name, url=DOI or full URL, keywords=free-text hashtags semicolon-separated for search, highlight_topics=category keys where this article is featured (floats to top), featured=[yes|no] always-show gold star
n,year,type,tags,cat,title,authors,journal,url,keywords,highlight_topics,featured
1,2026,original,,pubhealth;bariatric,"Online patient education resources in bariatric surgery: a systematic evaluation of quality, readability, transparency, and representation","Alomar A*, Shahriarirad R, Ghanem O, Laplante S",Surgical Endoscopy,https://link.springer.com/article/10.1007/s00464-026-12845-y?_gl=1*htwbjp*_up*MQ..*_gs*MQ..&gclid=EAIaIQobChMIhJKXnsiilAMVED6HAx2gSDYMEAAYASAAEgLxKfD_BwE,education;,,
2,2026,review,co-first,plastic,Global Trends and Research Landscape of Robotic Surgery in Plastic and Reconstructive Surgery: A Bibliometric Analysis (1999–2025),"Afsar A, Shahriarirad R, Kumar N, Ravi V, Vijayasekaran A*",Journal of Robotic Surgery,,Robitic;MIS;,,
3,2026,original,corresponding,infectious;oncology,"The Impact of the COVID-19 Pandemic on Patients with Breast Cancer, Diagnostic Delays and Disease Progression: A Retrospective Study","Rezvani A, Heydarzadeh R, Golchin Vafa R, Shahriarirad R*",(Published 2026),https://pmc.ncbi.nlm.nih.gov/articles/PMC12858447/,Breast;COVID;,,
4,2026,case,,neuro,Three Challenging Cases of Autoimmune Encephalitis: A Case-Series and Review of the Literature,"Bahrami Y, Pedramfar P*, Shahriarirad R",Clinical Case Reports,https://onlinelibrary.wiley.com/doi/10.1002/ccr3.71733,,,
5,2025,case,co-first,vascular;urology,Effective and Lifesaving Retrograde Femoral and Jugular Vein Double Lumen Catheter Insertion in Patients with Poor Hemodialysis Venous Access: A Case Series,"Hosseinzadeh A, Dalfardi F, Shahriarirad R, Pezeshkian F*, Keikha F",Clinical Case Reports,https://onlinelibrary.wiley.com/doi/full/10.1002/ccr3.70522,,,
6,2025,original,,plastic,The Effect of Autologous Platelet-Rich Plasma on Donor Site Wound Healing: A Randomised Crossover Clinical Trial,"Dasmeh U, Mohammadi AA, Shahrokhi R, Shahriarirad S, Shahriarirad R, Naseri R*",Journal of Wound Care,https://www.magonlinelibrary.com/doi/full/10.12968/jowc.2023.0210,Wound;,,
7,2025,original,corresponding,ortho,Osteomyelitis and Its Main Determinants in Patients With Diabetic Foot Ulcer: A Cross-Sectional Study,"Bolandi S, Niyakan MH, Jamali K, Ghodsi Boushehri Y, Tajaddini A, Shahriarirad R*",Health Science Reports,https://onlinelibrary.wiley.com/doi/10.1002/hsr2.71463,,,
8,2025,original,first;corresponding,plastic;oncology,"Systemic Evaluation of Quality, Readability, and Integrity of Online Breast Reconstruction Resources","Shahriarirad R*, Kumar N, Vijayasekaran A",Clinical Breast Cancer,https://www.sciencedirect.com/science/article/pii/S1526820925002897,,,
9,2025,original,,gi;oncology,Ghost Ileostomy Versus Protective Ileostomy in Rectal Cancer Followed by Low Anterior Resection: A Randomized Feasibility Trial,"Meshkati Yazd SM, Keramati MR, Ghanbari Ghalerudkhani M, Shahriarirad R, Parsa A, Keshvari A*",Health Science Reports,https://onlinelibrary.wiley.com/doi/10.1002/hsr2.71351,,,
10,2025,original,,gi,Antioxidant and Anti-inflammatory Effects of Equisetum arvense L. on Acid-Induced Ulcerative Colitis in Rats,"Koohi-Hosseinabadi O, Koohpeyma F, Safarpour AR, Nematollahy P, Kazemi M, Shahriarirad R, Tanideh R, Mojahedtaghi M, Ghaemmaghami P, Iraji A, Goudarzi K, Tanideh N*",Scientific Reports,https://www.nature.com/articles/s41598-025-97693-x,,,
11,2025,original,last;corresponding,endocrine,The Diagnostic Role of FNA Based on Clinicopathological Features in Thyroid Malignancy,"Fallahi MM, Koulaian S, Mardani P, Malekhosseini SA, Shahriarirad R*",BMC Endocrine Disorders,https://link.springer.com/article/10.1186/s12902-025-01945-w,,,
12,2025,original,,gi,"Diagnostic Value of Physical Examination, Ultrasound, and Radiography Compared to CT in Evaluation of Nontraumatic Left Lower Quadrant Acute Abdominal Pain","Kiani F, Meshkati Yazd SM, Zarimeidani F, Rahmati R, Shabani Mofrad N, Vafaei Nia M, Shahriarirad R",Emergency Medicine International,https://onlinelibrary.wiley.com/doi/10.1155/emmi/1681801,,,
13,2025,original,co-first,ortho,"Comparative Analysis of the Therapeutic Effects of Pregabalin, Gabapentin, and Duloxetine in Diabetic Peripheral Neuropathy: A Retrospective Study","Ahn J*, Shahriarirad R, Kwon K, Bejarano-Pineda L, Waryasz G, Ashkani-Esfahani S",Journal of Diabetes and Its Complications,https://www.sciencedirect.com/science/article/pii/S1056872725000546,,,
14,2025,original,corresponding,thoracic;oncology,"Evaluation of Surgical Cases of Lung Cancer Admitted in Shiraz Referral Hospitals, Southern Iran in 2009–2022","Dehghani S, Rezvani A, Shahriarirad R*, Rajabian MS, Ziaian B, Fallahi MJ, Mardani P, Amirian A",Cancer Reports,https://onlinelibrary.wiley.com/doi/full/10.1002/cnr2.70108,,,
15,2025,original,corresponding,infectious;pubhealth,"Seroepidemiological Assessment of Bordetella Pertussis in Jahrom, Southern Iran: A Cross-sectional Study","Raufi R, Zareian-Jahromi F, Zangeneh S, Rajabi J, Shahriarirad R*",Health Care Science,https://onlinelibrary.wiley.com/doi/10.1002/hcs2.70000,,,
16,2025,original,,derm,"Investigating the Efficacy and Safety of Oral Cicaglocal on Wound Healing After Mohs Surgery in Patients With Skin Cancer: A Randomized, Double-Blinded, Placebo-Controlled Clinical Trial","Asilian A, Mohammadian P*, Mahram H, Shahriarirad R, Bigham M",Journal of Cosmetic Dermatology,https://onlinelibrary.wiley.com/doi/10.1111/jocd.16784,,,
17,2025,original,corresponding,vascular,Evaluation of Aneurysm Cases Undergoing Surgery at a Tertiary Center in Iran: A 22-year Retrospective Study,"Ghoddusi Johari H, Ranjbar K, Kassaee K, Hoseini MA, Shahriarirad R*",Health Science Reports,https://onlinelibrary.wiley.com/doi/10.1002/hsr2.70331,,,
18,2025,original,first;corresponding,ortho,In-Vitro and In-Vivo Assessment of Biocompatibility and Efficacy of Ostrich Eggshell Membrane Combined with Platelet-Rich Plasma in Achilles Tendon Regeneration,"Koohi-Hosseinabadi O, Shahriarirad R*, Dehghanian A, Amini L, Barzegar S, Daneshparvar A, Alavi O, Khazraei SP, Hosseini S, Arabi Monfared A, Khorram R, Tanideh N*, Ashkani-Esfahani S",Scientific Reports,https://www.nature.com/articles/s41598-025-85131-x,,,
19,2024,original,,ortho,"Comparisons of the Therapeutics for Diabetic Neuropathic Pain: Prospective Cohort Study, Seoul, Korea","Ahn J, Shahriarirad R, Kwon K, Bejarano-Pineda L, Waryasz GR, DiGiovanni CW, Ashkani-Esfahani S",Foot & Ankle Orthopaedics,https://journals.sagepub.com/doi/abs/10.1177/2473011424S00215,,,
20,2024,original,corresponding,gi,Clinical Presentations and Surgical Features of Morgagni Hernia in Adults: A Retrospective Study,"Mardani P, Dalfardi F, Bahmani S, Rahmati R, Zarimeidani F, Ziaian B, Amirian A, Vafabin M, Shahriarirad R*",Health Science Reports,https://onlinelibrary.wiley.com/doi/epdf/10.1002/hsr2.70248,,,
21,2024,original,,,An Overview of the Role of Chemokine CX3CL1 (Fractalkine) and CX3C Chemokine Receptor 1 in Systemic Sclerosis,"Pezeshkian F, Shahriarirad R, Mahram H*","Immunity, Inflammation and Disease",https://onlinelibrary.wiley.com/doi/10.1002/iid3.70034,,,
22,2024,original,corresponding,thoracic;oncology,The Aftermath of Asbestos Prohibition in Industry and Its Association with Malignant Mesothelioma in the South of Iran: An Enduring Predicament yet to be Resolved,"Rezvani A, Shahriarirad R*, Jahanshahi S, Fouladi D, Tavallali M, Ziaian B, Fallahi MJ",Health Science Reports,https://onlinelibrary.wiley.com/doi/10.1002/hsr2.70117,,,
23,2024,original,corresponding,infectious,Changes in Incidence and Clinical Features of Tuberculosis with Regard to the COVID-19 Outbreak in Southern Iran,"Fallahi MJ, Nazemi M, Zeighami A, Shahriarirad R*",BMC Infectious Diseases,https://link.springer.com/article/10.1186/s12879-024-09947-0,,,
24,2024,original,corresponding,vascular,Computed Tomography Angiography-guided Analysis of Morphologic Properties of the Thoracic Aorta and Arch Branches: A Cross-sectional Study,"Hosseinzadeh A, Tajaddini A, Jafari SH, Mohammadi Z, Dalfardi F, Fatemian H, Shahriarirad R*",Health Science Reports,https://onlinelibrary.wiley.com/doi/10.1002/hsr2.70017,,,
25,2024,original,,gi;oncology,Analyzing Quality of Life After Low Anterior Resection for Rectal Cancer,"Meshkati Yazd SM, Shahriarirad R, Almasi S, Mirmohammadkhani M, Keramati MR*",Irish Journal of Medical Science,https://link.springer.com/article/10.1007/s11845-024-03757-8,,,
26,2024,original,first;corresponding,gi,Evaluation of Salvia Officinalis (Sage) in the Treatment of Acetic Acid-Induced Ulcerative Colitis in Rat Model,"Shahriarirad R*, Seifbehzad S, Erfani A, Nekouei F, Ashkani-Esfahani S, Hosseinzadeh M, Tanideh N, Koohi-Hosseinabadi O, Sarkari B",Journal of Coloproctology,https://www.thieme-connect.com/products/ejournals/abstract/10.1055/s-0044-1787141,,,
27,2024,original,first;corresponding,infectious;pubhealth,"Knowledge, Attitude, and Practice toward the Novel Coronavirus (COVID-19) Outbreak: A Population-Based Survey in Iran","Erfani A, Shahriarirad R*, Ranjbar K, Mirahmadizadeh A, Moghadami M",Journal of Health Sciences & Surveillance System,https://journals.sums.ac.ir/article_49437.html,,,
28,2024,original,,endocrine,Comparison of Endoscopic Versus Focused Parathyroidectomy in Surgical Management of Single-gland Primary Hyperparathyroidism: A Randomized Clinical Trial,"Meshkati Yazd SM, Shahriarirad R, Nayebi S, Dehghan P, Abbasi A, Maghsoodloo F, Hamedani K, Nasiri S*",Langenbeck's Archives of Surgery,https://link.springer.com/article/10.1007/s00423-024-03390-0,,,
29,2024,original,first;corresponding,thoracic,Single-Stage Bronchoscopy-Guided Protocol for Tracheostomy Decannulation in Adult Patients,"Mardani P, Naseri R*, Mahram H, Alishavandi F, Amirian A, Ziaian B, Shahriarirad R*",Journal of Surgical Research,https://authors.elsevier.com/c/1jIJR578Xh~MO,,,
30,2024,original,corresponding,infectious;urology,Prevalence and Risk Factors of Latent Tuberculosis Infection in Hemodialysis Patients in Southwest Iran,"Rahimi M, Forouzani F, Mousavizadeh A, Shahriarirad R, Ardekani A, Foolad S, Nikbakht G*",Epidemiological Review (Przegląd Epidemiologiczny),"https://www.przeglepidemiol.pzh.gov.pl/Prevalence-and-risk-factors-of-latent-tuberculosis-infection-in-hemodialysis-patients,187271,0,2.html",,,
31,2024,original,corresponding,infectious;pulm,Evaluation of the Predictors and Frequency of Silent Hypoxemia in COVID-19 Patients and the Gap between Pulse Oximeter and Arterial Blood Gas Levels,"Fallahi MJ, Pezeshkian F, Ranjbar K, Javaheri R, Shahriarirad R*",Health Care Science,http://doi.org/10.1002/hcs2.98,,,
32,2024,original,,transplant,"Comparison of the Effect of Everolimus, Prednisolone, and a Combination of Both on Experimentally Induced Peritoneal Adhesions in Rats","Kazemi K, Jamshidi K, Naseri R, Shahriarirad R, Shamsaeefar A, Hosseinzadeh A*",Scientific Reports,https://www.nature.com/articles/s41598-024-61620-3,,,
33,2024,original,,neuro,An Overcorrective Modification of Cranial Vault Reconstruction for Non-Syndromic Metopic Suture Synostosis: Shiraz Technique,"Masoudi MS, Zoghi S, Ansari A, Taherpour S, Shahriarirad R, Taheri R*",Archives of Pediatric Neurosurgery,https://www.archpedneurosurg.com.br/sbnped2019/article/view/231,,,
34,2024,original,,plastic,Posterior Positioning of Levator Veli Palatini with Intact Nasal Layer and Side-by-Side Bilateral Buccinator Flaps: Modified Approach for Palatal Lengthening,"Hoghooghi MA, Hooman K, Shahriarirad R, Salimi M, Hosseinpour H*",The Cleft Palate Craniofacial Journal,https://journals.sagepub.com/eprint/HTIUBXYFD4X7J7NHXWPW/full,,,
35,2024,original,corresponding,vascular,Analysis of a Large 19-Year Database in Vascular Surgery in Southern Iran: Evaluation of Trends and Limitations,"Ghoddusi Johari H, Farrokhi A, Shahriarirad R*, Hosseinzadeh A, Hodjati H",Annals of Vascular Surgery,https://authors.elsevier.com/a/1idol3AUdjphyC,,,
36,2024,original,corresponding,endocrine,"Demographic, Clinical, and Surgical Features of Patients Undergoing Thyroidectomy due to Thyroid Lesions in Southern Iran","Mardani P, Koulaian S, Fouladi D, Malekhosseini HR, Shahriarirad R*",Health Science Reports,https://onlinelibrary.wiley.com/doi/10.1002/hsr2.2012,,,
37,2024,review,corresponding,infectious;pubhealth,"Serosurvey of Anti-Rubella and Anti-Measles IgG Antibodies in Young Females in Jahrom, Southern West Iran: A Review of Literature of the Serological Profile in Iran","Mojarad N, Forouzani F, Mohammadi Z*, Shahriarirad R*",Journal of General and Family Medicine,https://onlinelibrary.wiley.com/doi/10.1002/jgf2.677,,,
38,2024,original,,gi,"Comparison of Hand-sewn Anterior Repair, Resection and Hand-sewn Anastomosis, Resection and Stapled Anastomosis Techniques for the Reversal of Diverting Loop Ileostomy: A Randomized Clinical Trial","Meshkati Yazd SM, Shahriarirad R, Keramati MR, Omidi M, Nabavizadeh SS, Keshvari A*",Techniques in Coloproctology,https://link.springer.com/article/10.1007/s10151-023-02898-9,,,
39,2024,original,,infectious;pubhealth,High Post-Infection Protection after COVID-19 among Healthcare Workers: A Population-Level Observational Study,"Shahriarirad S, Asmarian N, Shahriarirad R, Moghadami M, Askarian M, Malekhosseini SA, Sabetian G*",Iranian Journal of Medical Sciences,https://ijms.sums.ac.ir/article_49872.html,,,
40,2024,original,,gi,Novel Textbook Outcomes following Emergency Laparotomy: Delphi Exercise,"Naumann D*, Bhangu A, Brooks A, BEACON Collaborative (including Shahriarirad R)",BJS Open,https://academic.oup.com/bjsopen/article/8/1/zrad145/7589246,,,
41,2024,original,corresponding,infectious;pubhealth,The Trend of Mortality Rates Following Hospitals Downgrading and Closures due to Outbreak of COVID-19 in Fars Province: A Comparative Cohort Study,"Fallahi MJ, Seifbehzad S, Fereidooni M, Farrokhi AM, Ranjbar K, Shahriarirad R*",Health Science Reports,https://onlinelibrary.wiley.com/doi/10.1002/hsr2.1850,,,
42,2024,original,first;corresponding,oncology;machine_learning,Prediction of Sentinel Lymph Node Metastasis in Breast Cancer Patients Based on Preoperative Features: A Deep Machine Learning Approach,"Shahriarirad R, Meshkati Yazd SM, Fathian R, Fallahi M, Ghadiani Z, Nafissi N*",Scientific Reports,https://www.nature.com/articles/s41598-024-51244-y,,,
43,2024,original,,derm,"Practice and Attitude of General Practitioners Towards Initiating Isotretinoin for Acne Vulgaris in Fars Province, Iran","Hosseinpour P*, Gholamabbas G, Pezeshkian F, Erfani A, Shahriarirad R, Parhizkar AR",BMC Primary Care,https://bmcprimcare.biomedcentral.com/articles/10.1186/s12875-023-02260-w,,,
44,2023,original,,thoracic,Demographic and Clinical Features of Patients Operated with the Diagnosis of Acute Descending Necrotizing Mediastinitis: A Retrospective Study in Southern Iran,"Ranjbar K, Shahriarirad R, Ebrahimi K, Amirian A, Karoobi MR, Mardani P, Erfani A, Fallahi MJ, Ketabchi F, Ziaian B*",BMC Cardiothoracic Surgery,https://cardiothoracicsurgery.biomedcentral.com/articles/10.1186/s13019-023-02416-w,,,
45,2023,original,corresponding,infectious;urology,Antibiotic Resistance Pattern Among Isolated Bacteria from Urinary Tract Infection Patients in the Intensive Care Unit,"Forouzani F, Sharifi A, Mojarad N, Mohammadi Z, Shahriarirad R*",Journal of Medical Bacteriology,https://jmb.tums.ac.ir/index.php/jmb/article/view/500,,,
46,2023,original,first;corresponding,plastic,Cohort Analysis of 50% Lethal Area (LA50) and Associating Factors in Burn Patients based on Quality Improvements and Health Policies,"Shahriarirad R, Shekouhi R, Nabavizadeh SS, Zardosht M, Tadayon SMK, Ahmadi M, Keshavarzi A*",Scientific Reports,https://www.nature.com/articles/s41598-023-45884-9,,,
47,2023,original,first;corresponding,gi,Protective Effect of Melissa Officinalis Against Acetic Acid-Induced Ulcerative Colitis in Rat Models,"Shahriarirad R*, Erfani A, Nekouei F, Seifbehzad S, Hosseinzadeh M, Sarkari B, Tanideh N, Koohi-Hosseinabadi O, Nassour N, Ashkani-Esfahani S",Annals of Gastroenterology,https://doi.org/10.20524/aog.2023.0836,,,
48,2023,original,,plastic,The Effect of a Preoperative Single Dose of Gabapentin on Emergence Agitation in Patients Undergoing Rhinoplasty: A Randomized Clinical Trial,"Hoghoughi MA, Jouybar R, Alvandi A, Shahriarirad R, Hosseinpour H, Ranjbar K, Kamran H*",European Journal of Plastic Surgery,https://link.springer.com/article/10.1007/s00238-023-02116-7,,,
49,2023,original,first;corresponding,infectious,Evaluation of the Features of Cystic Echinococcosis with Concurrent Super-infection: A Retrospective Study in Southern Iran,"Shahriarirad R, Shekouhi R, Erfani A, Rastegarian M, Eskandarisani M, Motamedi M, Sarkari B*",BMC Infectious Diseases,https://bmcinfectdis.biomedcentral.com/articles/10.1186/s12879-023-08520-5,,,
50,2023,original,,infectious,"Resistance Pattern of Isolated Microorganisms from 783 Clinical Specimen Cultures in Patients Admitted to Yasuj Educational Hospitals, Iran","Forouzani F, Khasti T, Manzouri L, Ravangard S, Shahriarirad R, Jahed S, Gordafarin N*",BMC Microbiology,https://bmcmicrobiol.biomedcentral.com/articles/10.1186/s12866-023-02952-4,,,
51,2023,original,first;corresponding,thoracic;oncology,Hospital-based Retrospective Analysis of 224 Surgical Cases of Lung Hydatid Cyst from Southern Iran,"Shahriarirad R, Erfani A, Ebrahimi K, Rastegarian M, Eskandarisani M, Ziaian B, Sarkari B*",BMC Cardiothoracic Surgery,https://cardiothoracicsurgery.biomedcentral.com/articles/10.1186/s13019-023-02327-w,,,
52,2023,original,first;corresponding,thoracic;oncology,"Esophageal Perforation Etiology, Outcome, and the Role of Surgical Management — An 18-Year Experience of Surgical Cases in A Referral Center","Shahriarirad R, Karoobi MR, Shekouhi R, Ebrahimi K, Ranjbar K, Amirian A, Mardani P, Fallahi MJ, Ziaian B*",BMC Surgery,https://bmcsurg.biomedcentral.com/articles/10.1186/s12893-023-02080-w,,,
53,2023,original,,infectious,Management of Liver Hydatid Cysts: A Retrospective Analysis of 293 Surgical Cases from Southern Iran,"Erfani A, Shahriarirad R, Eskandarisani M, Rastegarian M, Sarkari B*",Journal of Tropical Medicine,https://www.hindawi.com/journals/jtm/2023/9998739/,,,
54,2023,original,corresponding,endocrine,Investigating the Effectiveness of Intraoperative Rapid Parathyroid Hormone Assay in Parathyroidectomy Surgery in Patients with Secondary Hyperparathyroidism,"Nasiri S, Meshkati Yazd SM, Heshmati A, Mokhtari Ardekani A, Najafi M, Shahriarirad R*",BMC Endocrine Disorders,https://bmcendocrdisord.biomedcentral.com/articles/10.1186/s12902-023-01378-3,,,
55,2023,original,,derm,"Efficacy of Metformin vs. Doxycycline in Treating Acne Vulgaris: An Assessor-Blinded, Add-on, Randomized, Controlled Clinical Trial","Sadat Sadati M, Yazdanpanah N, Shahriarirad R, Javaheri R, Parvizi MM*",Journal of Cosmetic Dermatology,http://doi.org/10.1111/jocd.15785,,,
56,2023,original,,gi,Evaluation Oral and Topical Bovine Colostrum compared to Mesalamine in the Treatment of Animal Model of Acetic Acid-Induced Ulcerative Colitis,"Koohi O, Shahriarirad R, Erfani A, Nekouei F, Seifbehzad S, Ebrahimi A*, Tanideh N, Ashkani-Esfahani S",Annals of Gastroenterology,https://www.ncbi.nlm.nih.gov/pmc/articles/PMC10152808/,,,
57,2023,original,corresponding,thoracic;pulm,Serum Levels of Erythropoietin in Patients with Chronic Obstructive Pulmonary Disease and Anemia,"Rezvani A, Masoompour SM, Azarpira N, Monjazeb R, Akbarzadeh M, Salimi M, Shahriarirad R*",Scientific Reports,https://www.nature.com/articles/s41598-023-34290-w,,,
58,2023,original,,gi,Comparison Of Mesh Fixation and Non-Fixation in Transabdominal Preperitoneal (TAPP) Inguinal Hernia Repair: A Randomized Control Trial,"Kiany F, Meshkati Yazd SM, Shahriarirad R, Kamran H, Karoobi MR*, Mehri G, Shabani Mofrad N",Surgical Endoscopy,https://link.springer.com/article/10.1007/s00464-023-10040-x,,,
59,2023,original,,,"Translation, Cross-cultural Adaptation, and Psychometric Evaluation of the Persian (Farsi) Version of the QoLAF Questionnaire","Keramati MR*, Meshkati Yazd SM, Omidi M, Keshvari A, Shahriarirad S, Shahriarirad R, Nabavizadeh SS",PLOS One,https://journals.plos.org/plosone/article?id=10.1371/journal.pone.0277170,,,
60,2023,original,corresponding,endocrine,The Evaluation of Locoregional Tumoral Involvement in the Co-occurrence of Hashimoto Thyroiditis with Papillary Thyroid Cancer,"Nasiri N, Meshkati Yazd SM, Gholami M, Shahriarirad S, Sharghi S, Shahriarirad R*",BMC Endocrine Disorder,https://bmcendocrdisord.biomedcentral.com/articles/10.1186/s12902-023-01322-5,,,
61,2023,original,,gi;transplant,"Comparison of the Preventive Effect of Colchicine versus Diphenhydramine, Prednisolone, and a Combination Therapy on Intraperitoneal Adhesion Bands: An Experimental Study in Rats","Malekhosseini SA, Alizadeh B, Hosseinzadeh A, Shahriarirad R, Kazemi K, Naseri R*",BMC Surgery,https://bmcsurg.biomedcentral.com/articles/10.1186/s12893-023-01981-0,,,
62,2023,original,corresponding,vascular,Association of Complications during and after Carotid Body Tumor Resection with Tumor Size and Distance to the Base of Skull,"Ghoddusi Johari H, Afshari A, Abolhasani Foroughi A, Khademi B, Shahriarirad S, Erfani A, Hodjati H, Shahriarirad R*",Annals of Vascular Surgery,https://www.sciencedirect.com/science/article/abs/pii/S0890509623001474,,,
63,2023,original,first;corresponding,plastic;pubhealth,Prevalence of Suicide by Self-immolation among Children in Southern Iran,"Shahriarirad R, Ranjbar K, Erfani A, Modarresi M, Koranishiraz A, Kamali M, Zardosht M, Mohammadi AA*",The Journal of Burn Care & Research,https://academic.oup.com/jbcr/advance-article-abstract/doi/10.1093/jbcr/irad023/7049317,,,
64,2023,original,,gi;urology,Evaluation of the Effectiveness of Prophylactic Omentopexy during Laparoscopic Insertion of Peritoneal Dialysis Catheter: A Case-Control Clinical Trial,"Keshvari A, Meshkati Yazd SM, Keramati MR, Kamran H, Shahriarirad R",International Urology and Nephrology,https://link.springer.com/article/10.1007/s11255-023-03522-3,,,
65,2023,original,,ortho,Effectiveness of Transcutaneous Electrical Nerve Stimulation alongside Quadriceps Exercise in the Correction of Soccer Genu Varum in Adolescents 14-18 Years Old: A Randomized Controlled Trial,"Pourmokhtari M, Shahriarirad R, Shekouhi R*",Sports Sciences for Health,https://link.springer.com/article/10.1007/s11332-023-01049-9,,,
66,2023,original,corresponding,infectious;transplant,COVID-19 Versus Applied Infection Control Policies in a Major Transplant Center in Iran,"Shafiekhani M, Niknam T, Tara SA, Mardani P, Hosseinpour P, Shahriarirad R*, MalekHosseini SA",Cost Effectiveness and Resource Allocation,https://resource-allocation.biomedcentral.com/articles/10.1186/s12962-023-00427-x,,,
67,2023,original,,plastic;derm,Evaluation of the Effect of Platelet Rich Fibrin Matrix in the Correction of Periorbital Wrinkles: An Experimental Clinical Trial,"Ahmadi Mahmoodabadi R, Golafshan HA, Pezeshkian F, Shahriarirad R, Namazi M*",Dermatology Practical & Conceptual,https://dpcj.org/index.php/dpc/article/view/2535,,,
68,2023,original,corresponding,gi,Gastroesophageal Reflux Disease Incidence Among Male Patients with Irritable Bowel Syndrome: A Single-Center Cross-sectional Study in Southern Iran,"Gholamnezhad F, Qeisari A, Shahriarirad R*",Journal of Gastroenterology and Hepatology Open,https://onlinelibrary.wiley.com/doi/10.1002/jgh3.12867,,,
69,2023,original,,oncology,Postoperative Cosmetic Outcome of Intraoperative Radiotherapy in Comparison to Whole Breast Radiotherapy in Early Stage Breast Cancer: A Retrospective Cohort Study,"Nafisi N, Meshkati Yazd SM, Shahriarirad R, Zangeneh S, Ghorbani S, Farazmand B, Karoobi MR*, Mirzaei HR",BMC Cancer,https://bmccancer.biomedcentral.com/articles/10.1186/s12885-022-10468-9,,,
70,2023,original,,gi,Hand-Sewn Direct Repair Versus Resection and Hand-Sewn Anastomosis Techniques for the Reversal of Diverting Loop Ileostomy after Lower Anterior Rectal Resection Surgery: A Randomized Clinical Trial,"Keramati MR, Meshkati Yazd SM, Shahriarirad R, Omidi M, Nabavizadeh SS, Keshvari A*",Journal of Surgical Oncology,https://onlinelibrary.wiley.com/doi/10.1002/jso.27185,,,
71,2022,original,corresponding,plastic,Hypertonic Saline Solution 5% as an Effective Cost-beneficial Alternative to Normal Saline for Wound Healing in Patients with Diabetic Lower-Extremity Ulcers: A Randomized Controlled Trial,"Ziaian B, Khezri S, Amirian A, Ranjbar K, Shahriarirad R*, Eskandari Kohnakia M",Journal of Diabetes & Metabolic Disorders,https://link.springer.com/article/10.1007/s40200-022-01167-0,,,
72,2022,original,first;corresponding,endocrine,Evaluation of the Role of Prophylactic Bilateral Central Neck Lymph Node Dissection in Patients with Papillary Thyroid Carcinoma: A Case Controlled Study,"Shahriarirad R, Meshkati Yazd SM, Zahedi R, Mokhtari Ardekani A, Rekabi MM, Nasiri S*",Updates in Surgery,https://link.springer.com/article/10.1007/s13304-022-01440-0,,,
73,2022,original,first;corresponding,endocrine,Calcitriol Supplementation Before Parathyroidectomy and Calcium Level After Surgery in Parathyroid Adenoma Patients: A Randomized Controlled Trial,"Shahriarirad R, Meshkati Yazd SM, Ardekani A, Mokhtari Ardekani A, Moradi N, Nasiri S*",Journal of Endocrinological Investigation,https://link.springer.com/article/10.1007/s40618-022-01963-8,,,
74,2022,original,,infectious;pubhealth,"Factors Associated with Reluctancy to Acquire COVID-19 Vaccination: A Cross-sectional Study in Shiraz, Iran, 2022","Maharlouei N, Hosseinpour P, Shahriarirad R, Ranjbar K, Mirahmadizadeh A, Erfani A*",PLOS One,https://journals.plos.org/plosone/article?id=10.1371/journal.pone.0278967,,,
75,2022,original,corresponding,endocrine,The Effect of Thymectomy during Central Neck Dissection in Papillary Thyroid Carcinoma: A Case-Controlled Study,"Nasiri S, Meshkati Yazd SM, Mokhtari Ardekani A, Fazlollahpour-Naghibi A, Shahintaj M, Shahriarirad R*",Updates in Surgery,https://link.springer.com/article/10.1007/s13304-022-01428-w,,,
76,2022,original,,thoracic,The Role and Value of Low-Dose Computed Tomography Scan Compared to Esophagoscopy in the Diagnosis of Foreign Body Ingestion in Adults,"Mardani P, Shahriarirad R, Khosravi F, Malekhosseini HR, Amirian A, Kamran H*",General Thoracic and Cardiovascular Surgery,https://link.springer.com/article/10.1007/s11748-022-01880-w,,,
77,2022,original,,thoracic,Utilization of Chest Tube as an Esophagus Stent in Pediatric Caustic Injuries: A Retrospective Study,"Salimi M, Hosseinpour H, Shahriarirad R, Esfandiari S, Pooresmaeel F, Sarejloo S, Foroutan H*",World Journal of Clinical Pediatrics,https://www.wjgnet.com/2219-2808/full/v11/i5/419.htm,,,
78,2022,original,corresponding,infectious,Prevalence and Associated Factors of Complementary and Integrative Medicine Use in Patients Afflicted with COVID-19,"Parvizi MM*, Sedigheh Forouhari S, Shahriarirad R*, Shahriarirad S, Bradley R, Roosta L, Heydari M",BMC Complementary Medicine and Therapies,https://bmccomplementmedtherapies.biomedcentral.com/articles/10.1186/s12906-022-03722-x,,,
79,2022,original,corresponding,thoracic,The Role of Routine Chest Radiography after Implantable Venous Access Port Catheter Insertion under the Guide of Ultrasonography and Fluoroscopy,"Ghoddusi Johari H, Saki M, Erfani A, Shahriarirad R*, Ranjbar K",Cost Effectiveness and Resource Allocation,https://resource-allocation.biomedcentral.com/articles/10.1186/s12962-022-00382-z,,,
80,2022,original,corresponding,endocrine,The Incidence and Features of Delphian Lymph Node Involvement in Patients with Papillary Thyroid Carcinoma,"Alibakhshi A, Sheikhi S, Meshkati Yazd SM, Ardekani A, Ranjbar K, Shahriarirad R*",BMC Surgery,https://bmcsurg.biomedcentral.com/articles/10.1186/s12893-022-01742-5,,,
81,2022,original,,,"Determination of the Main Causes, Outcome and Prognostic Factors of Patients with Rheumatologic Diseases Admitted to the Medical Intensive Care Unit in Southern Iran","Arjmand M, Shahriarirad R, Shenavandeh S, Fallahi MJ*",Clinical Rheumatology,https://link.springer.com/article/10.1007/s10067-022-06334-5,,,
82,2022,original,,gi,Evaluation of Post Laparoscopic Cholecystectomy Pain after Subcutaneous Injection of Lidocaine at Port Site versus Lidocaine Spray on Gallbladder Bed: A Randomized Controlled Trial,"Kiany F, Meshkati Yazd SM, Shahriarirad R, Kamran H, Karoobi MR, Mehri G",Langenbeck's Archives of Surgery,https://link.springer.com/article/10.1007/s00423-022-02645-y,,,
83,2022,original,corresponding,plastic,Therapeutic Efficacy of Great Plantain (Plantago major L.) in the Treatment of Second-Degree Burn Wounds: A Case-Control Study,"Keshavarzi A, Montaseri H, Akrami R, Hoghoughi MA, Ranjbar K, Shahriarirad R*",International Journal of Clinical Practice,https://www.hindawi.com/journals/ijclp/2022/4923277/,,,
84,2022,original,corresponding,ortho,Promising Results of Captopril in Improving Knee Arthrofibrosis and Cartilage Status: An Animal Model Study,"Hashemi SA, Azad A, Erfani A, Shahriarirad R*, Azarpira N",Journal of Experimental Orthopaedics,https://jeo-esska.springeropen.com/articles/10.1186/s40634-022-00516-5,,,
85,2022,original,corresponding,endocrine,Auto Transplantation of Parathyroid Tissue into Subcutaneous Subclavicular Area Following Total Parathyroidectomy in Secondary Hyperparathyroidism,"Nasiri S, Meshkati Yazd SM, Kamran H, Kahrizi MS, Azhdari M, Shahriarirad R*",Journal of Endocrinological Investigation,https://link.springer.com/article/10.1007/s40618-022-01864-w,,,
86,2022,original,,vascular,The Role of Surgical and Endovascular Repair of Blunt Traumatic Aortic Injury in the Modern Era: A Single-Center Experience,"Ghoddusi Johari H, Moein SA*, Hosseinzadeh A, Kojuri J, Roshanshad A, Shahriarirad R",Bulletin of Emergency and Trauma,https://beat.sums.ac.ir/article_48535.html,,,
87,2022,original,,infectious;pubhealth,Parents' Attitude to School Reopening before the Emergence of Omicron Variant of SARS-CoV-2: A Retrospective Web-based Survey,"Mirahmadizadeh A, Heiran A, Sahebi R, Azadian F, Shahriarirad R, Sharifi MH",Health Management & Information Science,https://jhmi.sums.ac.ir/article_48840.html,,,
88,2022,original,,infectious,Evaluation and Comparison of Mucormycosis Patients' Features Undergoing Functional Endoscopic Sinus Surgery Prior to and during the COVID-19 Pandemic: A Case-Control Study,"Dehghanpisheh L, Eghbal MH, Salari M, Shahriarirad R, Borzou N, Vatankhah P*",International Journal of Clinical Practice,https://www.hindawi.com/journals/ijclp/2022/1248325/,,,
89,2022,original,,infectious;machine_learning;pulm,Prediction of Patients with COVID-19 Requiring Intensive Care: A Cross-sectional Study Based on Machine-learning Approach from Iran,"Sabetian G, Azimi A*, Kazemi A*, Hoseini B, Asmarian N, Khaloo V, Zand F, Masjedi M, Shahriarirad R, Shahriarirad S",Indian Journal of Critical Care Medicine,https://www.ijccm.org/abstractArticleContentBrowse/IJCCM/64/26/6/28130/abstractArticle/Article,,,
90,2022,original,,infectious;transplant,"Incidence, Clinicomicrobiological Characteristics, Risk Factors, and Treatment Outcomes of Bacterial Infections Following Liver Transplantation in Pediatrics: A Retrospective Cohort Study","Vazin A, Shahriarirad R, Malekhosseini SA, Shafiekhani M, Nikoupour H, Arasteh P",Archives of Pediatric Infectious Diseases,https://brieflands.com/articles/apid-118809.html,,,
91,2022,original,,ortho,Evaluation of Crossover Sign in Pelvis Models Made with a Three-Dimensional Printer,"Salimi A, Mirghaderi SP, Gholamzadeh MJ, Qahremani R, Hadizadeh A, Shahriarirad R, Shekouhi R",Advances in Orthopedics,https://www.hindawi.com/journals/aorth/2022/4665342/,,,
92,2022,review,,gi,Effects of Neuromodulation on Treatment of Recurrent Anal Fissure: A Systematic Review,"Bananzadeh A, Sohooli M, Tahereh Shamsi T, Darabi MH, Shahriarirad R, Shekouhi R*",International Journal of Surgery,https://www.sciencedirect.com/science/article/abs/pii/S1743919122004381,,,
93,2022,review,,thoracic,The Effect of Suture Techniques on the Outcome of Tracheal Reconstruction: An Observational Study and Review of Literature,"Ziaian B, Shahriarirad R, Fouladi D*, Mardani P, Amirian A, Kamran H",The Surgeon,https://www.sciencedirect.com/science/article/abs/pii/S1479666X22000580,,,
94,2022,original,corresponding,gi;transplant,"Comparison of Oral Sirolimus, Prednisolone, and Combination of Both in Experimentally Induced Peritoneal Adhesion","Kazemi K, Hosseinzadeh A, Shahriarirad R*, Naseri R, Shamsaeefar A, Malekhosseini SA",Journal of Surgical Research,https://www.sciencedirect.com/science/article/abs/pii/S0022480422001287,,,
95,2022,original,,ortho;neuro,A Comparison between Effectiveness of Gluteal Trigger Point and Epidural Steroid Injection in Lumbosacral Canal Stenosis Patients: A Randomized Clinical Trial,"Khoshnazar SS, Farpour HR*, Shahriarirad R",British Journal of Neurosurgery,https://www.tandfonline.com/doi/abs/10.1080/02688697.2022.2033698,,,
96,2022,original,,plastic,"Burn Injuries in People Who Used Drug, 2009-2017: A Case-Control Study in Shiraz, Southern Iran","Hoghoughi MA, Marzban MR, Shahrbaf MA, Shahriarirad R, Karoobi M, Ranjbar K",Journal of Burn Care & Research,https://academic.oup.com/jbcr/advance-article-abstract/doi/10.1093/jbcr/irac005/6507346,,,
97,2022,original,,infectious;machine_learning,A Machine Learning-Based System for Detecting Leishmaniasis in Microscopic Images,"Zare M, Akbarialiabad H, Parsaei H, Asgari Q, Alinejad A, Shahriarirad R, Abdollahifard G*",BMC Infectious Diseases,https://bmcinfectdis.biomedcentral.com/articles/10.1186/s12879-022-07029-7,,,
98,2022,original,,infectious;neuro;pubhealth,"Prevalence of Anxiety, Depression, Stress, and Perceived Stress and Their Relation with Resilience in the General Population during the COVID-19 Pandemic: A Cross-sectional Study","Parvar SY, Ghamari N*, Pezeshkian F, Shahriarirad R",Health Science Reports,https://onlinelibrary.wiley.com/doi/full/10.1002/hsr2.460,,,
99,2021,original,,infectious,"Serosurvey and Molecular Detection of Toxoplasma gondii in Dogs in Rural Areas of Kazeroun District, Fars Province, Southern Iran","Rezaei Z, Zeighami A, Shahriarirad R, Arefkhah N, Sarkari B",Journal of Parasitology Research,https://www.hindawi.com/journals/jpr/2021/4499086/,,,
100,2021,review,,ortho,Transportal versus All-Inside Techniques of Anterior Cruciate Ligament Reconstruction: A Systematic Review,"Bhimani R, Shahriarirad R, Ranjbar K, Erfani A*, Ashkani-Esfahani S",Journal of Orthopaedic Surgery and Research,https://link.springer.com/article/10.1186/s13018-021-02872-x,,,
101,2021,original,,ortho,Evaluation of the Relationship between Vitamin D Levels and Related Serum Markers as Well as Disease Activity in Patients with Rheumatoid Arthritis,"Moghimi N, Faridfar A, Jelodari Mamaghani H, Nikandish M, Shahriarirad R, Shenavandeh S",Journal of Bioengineering Research,http://www.journalbe.com/article_140812.html,,,
102,2021,original,,endocrine,Comparison of Serologic Celiac Disease in Patients with Hypothyroidism and Healthy Controls: A Case-Control Study,"Sheikhesmaeili F, Salimi M, Salimi A, Nikandish M, Shahriarirad R, Falahati A",Journal of Bioengineering Research,http://www.journalbe.com/article_140814.html,,,
103,2021,original,corresponding,plastic;pubhealth,Socioeconomic Features of Burn Injuries in Southern Iran: A Cross-sectional Study,"Mohammadi AA, Hoghoughi MA, Karoobi M, Ranjbar K, Shahriarirad R*, Erfani A, Modarresi MS, Zardosht M",Journal of Burn Care & Research,https://academic.oup.com/jbcr/advance-article-abstract/doi/10.1093/jbcr/irab227/6431985,,,
104,2021,original,corresponding,infectious;transplant,Evaluation of the Therapeutic Regimen in COVID-19 in Transplant Patients: Where do Immunomodulatory and Antivirals Stand?,"Shafiekhani M, Shahabinezhad F, Niknam T, Tara SA, Hosseinpour P, Shahriarirad R*, Malekhosseini SA",BMC Clinical Virology,https://virologyj.biomedcentral.com/articles/10.1186/s12985-021-01700-2,,,
105,2021,original,,derm,Epidemiological Factors in Patients with Dermatologic Conditions Referring to the Clinic of Traditional Persian Medicine: A Cross-sectional Study,"Parvizi MM*, Fatehi N, Jaladat AM, Gholampour Z, Shahriarirad R, Erfani A",International Journal of Clinical Practice,https://onlinelibrary.wiley.com/doi/abs/10.1111/ijcp.14788,,,
106,2021,original,,infectious,"Stereological Analysis of Liver, Spleen and Bone of Leishmania infantum-Experimentally Infected Hamsters","Modabberi F, Ghadimi SN, Shahriarirad R, Nadimi E, Karbalay-Doust S, Rashidi S, Sarkari B*",Experimental Parasitology,https://www.sciencedirect.com/science/article/abs/pii/S0014489421000746,,,
107,2021,review,,,Therapeutic Effects of Stem Cells in Different Body Systems — A Novel Method that is Yet to Gain Trust: A Comprehensive Review,"Ebrahimi A, Ahmadi H, Borhaninia M, Tanideh N*, Shahriarirad R, Erfani A, Ranjbar K, Ashkani-Esfahani S",Bosnian Journal of Basic Medical Sciences,https://www.ncbi.nlm.nih.gov/pmc/articles/PMC8554700/,,,
108,2021,original,,gi;transplant,Experiences with Intestinal Failure from an Intestinal Rehabilitation Unit in a Country without Home Parenteral Nutrition,"Nikoupour H, Arasteh P, Shamsaeefar A, Malekhosseini SA, Shafiekhani M*, Shahriarirad R, Kazemi K",Journal of Parenteral and Enteral Nutrition,https://aspenjournals.onlinelibrary.wiley.com/doi/abs/10.1002/jpen.2231,,,
109,2021,original,,gi,Prevalence of Helicobacter Pylori Infection Before and One Year After Classic Gastric Bypass Surgery,"Valiee S, Hosseini B, Amini M, Haghighat N, Hosseinpour H, Moeinvaziri N*, Shahriarirad R, Tanideh N",Annals of Bariatric Surgery,https://www.researchgate.net/publication/354862675,,,
110,2021,original,corresponding,vascular;transplant;urology,Renal Revascularization by a Pedicled Intestinal Segment Wrapping the Kidney: A New Method for Kidney Revascularization,"Hodjati H, Moosavi SM, Hosseinzadeh A, Anbardar MH, Sherafatmand S, Kazemnia K, Hosseinpour H, Shahriarirad R*",International Urology and Nephrology,https://link.springer.com/article/10.1007/s11255-021-02897-5,,,
111,2021,review,,infectious,Prevalence of HBV and HCV Infections in Iranian Blood Donors: An Updated Systematic Review and Meta-Analysis,"Kasraian L, Imanieh MH*, Tabrizi R, Shahriarirad R, Erfani A, Hosseini S",Middle East Journal of Digestive Diseases,https://mejdd.org/index.php/mejdd/article/viewFile/2243/2208,,,
112,2021,original,,infectious,"Cystic Echinococcosis: Knowledge, Attitude, and Practices (KAP) among Surgically Operated Cases in Fars Province, Southern Iran","Hosseini Z, Shahriarirad R, Sarkari B*",Journal of Parasitology Research,https://www.hindawi.com/journals/jpr/2021/9976548/,,,
113,2021,original,corresponding,thoracic;pulm,"Evaluation of Lung Contusion, Associated Injuries, and Outcome in a Major Trauma Center in Shiraz, Southern Iran","Mardani P, Moayedi Rad M, Paydar S, Amirian A, Shahriarirad R*, Erfani A, Ranjbar K",Emergency Medicine International,https://www.hindawi.com/journals/emi/2021/3789132/,,,
114,2021,original,,infectious;pulm,"Methylprednisolone or Dexamethasone, Which One is Superior Corticosteroid in the Treatment of Hospitalized COVID-19 Patients: A Triple-blinded Randomized Controlled Trial","Ranjbar K, Moghadami M*, Mirahmadizadeh A, Fallahi MJ, Khaloo V, Shahriarirad R, Hosseinpour H, Honarvar B",BMC Infectious Diseases,https://link.springer.com/article/10.1186/s12879-021-06045-3,,,
115,2021,original,corresponding,infectious;pubhealth,COVID-19 Infection among Healthcare Workers: A Cross-sectional Study in Southwest Iran,"Sabetian G, Moghadami M, Haghighi LHF, Shahriarirad R*, Fallahi MJ, Asmarian N, Malekhosseini SA",Virology Journal,https://link.springer.com/article/10.1186/s12985-021-01532-0,,,
116,2021,original,,infectious;neuro;pubhealth,Students' Attitude and Sleep Pattern during School Closure following COVID-19 Pandemic Quarantine: A Web-based Survey in South of Iran,"Ranjbar K, Hosseinpour H, Shahriarirad R, Ghaem H, Jafari K, Rahimi T, Mirahmadizadeh A*",Environmental Health and Preventive Medicine,https://link.springer.com/article/10.1186/s12199-021-00950-4,,,
117,2021,original,,neuro,"The Association between Emotional Stress, Sleep Disturbance, Depression, and Burning Mouth Syndrome","Rezazadeh F, Farahmand F, Hosseinpour H, Shahriarirad R, Sabet Eghlidi A*",BioMed Research International,https://www.hindawi.com/journals/bmri/2021/5555316/,,,
118,2021,original,first;corresponding,infectious;neuro,The Mental Health Impact of COVID-19 Outbreak: A Nationwide Survey in Iran,"Shahriarirad R, Erfani A*, Ranjbar K, Bazrafshan A, Mirahmadizadeh A",International Journal of Mental Health Systems,https://ijmhs.biomedcentral.com/articles/10.1186/s13033-021-00445-3,,,
119,2021,original,,vascular,An Investigation of the Knowledge of General Surgeons in Fars Province in Terms of the Complications of Central Venous Stenosis and Thrombosis Following Insertion of a Double-Lumen Subclavian Catheter,"Ghoddusi Johari H, Fatehpoor S, Mardani P, Shahriarirad R, Ranjbar K*",Sadra Medical Journal,https://smsj.sums.ac.ir/index.php/SMSJ/journal/article_47513.html,,,
120,2020,original,,infectious;neuro;pubhealth,Evaluation of Students' Attitude and Emotions towards the Sudden Closure of Schools during the COVID-19 Pandemic: A Cross-sectional Study,"Mirahmadizadeh A, Ranjbar K, Shahriarirad R, Erfani A, Ghaem H, Jafari K, Ranjbar K*",BMC Psychology,https://link.springer.com/article/10.1186/s40359-020-00500-7,,,
121,2020,original,,infectious,"Serosurvey of HBV Surface Antigen and Anti-HBV Surface Antibody among HIV-infected Patients in Fars Province, Southern Iran","Rastegarian M, Zeighami A, Shahriarirad R, Erfani A, Arefkhah N, Ghorbani F, Sarkari B, Sarvari J*",Le Infezioni in Medicina,https://www.infezmed.it/media/journal/Vol_28_4_2020_15.pdf,,,
122,2020,original,corresponding,plastic;pubhealth,Suicide by Self-immolation in Southern Iran: An Epidemiological Study,"Mohammadi AA, Karoobi M, Erfani A, Shahriarirad R, Ranjbar K*, Zardosht M, Modarresi MS",BMC Public Health,https://bmcpublichealth.biomedcentral.com/articles/10.1186/s12889-020-09778-z,,,
123,2020,original,first;corresponding,infectious,Uncommon Locations of Cystic Echinococcosis: A Report of 46 Cases from Southern Iran,"Shahriarirad R, Erfani A, Eskandarisani M, Rastegarian M, Sarkari B*",Surgery Research and Practice,https://www.hindawi.com/journals/srp/2020/2061045/,,,
124,2020,original,first,infectious,"Seroprevalence of Anti-hepatitis E Antibodies and Antigens among HIV-infected Patients in Fars Province, Southern Iran","Shahriarirad R, Erfani A, Rastegarian M, Zeighami A, Arefkhah N, Ghorbani F, Sarkari B, Sarvari J*",BMC Virology,https://link.springer.com/article/10.1186/s12985-020-01384-0,,,
125,2020,original,first;corresponding,infectious,Human Cystic Echinococcosis in Southwest Iran: A 15-year Retrospective Epidemiological Study of Hospitalized Cases,"Shahriarirad R, Erfani A, Eskandarisani M, Rastegarian M, Taghizadeh H, Sarkari B*",Tropical Medicine and Health,https://link.springer.com/article/10.1186/s41182-020-00238-3,,,
126,2020,original,corresponding,infectious;pubhealth,"Frequency and Antimicrobial Susceptibility Patterns of Diabetic Foot Infection of Patients from Bandar Abbas District, Southern Iran","Ahmadishooli A, Davoodian P, Shoja S, Ahmadishooli B, Dadvand H, Hamadiyan H, Shahriarirad R*",Journal of Pathogens,https://www.hindawi.com/journals/jpath/2020/1057167/,,,
127,2020,original,,infectious,Diagnostic Performance of Echinococcus granulosus Protoscolices Antigens in the Serodiagnosis of Human Cystic Echinococcosis,"Shahabinejad P, Shahriarirad R, Omidian M, Ghorbani F, Barazesh A, Sarkari B*",Journal of Immunoassay and Immunochemistry,https://www.tandfonline.com/doi/abs/10.1080/15321819.2020.1781653,,,
128,2020,original,first;corresponding,infectious,Epidemiological and Clinical Features of 2019 Novel Coronavirus Diseases (COVID-19) in the South of Iran,"Shahriarirad R, Khodamoradi Z, Erfani A, Hosseinpour H, Ranjbar K, Emami Y, Mirahmadizadeh A, Honarvar B",BMC Infectious Diseases,https://link.springer.com/article/10.1186/s12879-020-05128-x,,,
129,2020,original,,plastic;pubhealth,Evaluation of Epilepsy and Burn Patterns in a Tertiary Hospital in Southwestern Iran,"Mohammadi AA, Keshavarzi A, Erfani A, Modarresi MS, Shahriarirad R, Ranjbar K*",Epilepsy and Behavior,https://www.sciencedirect.com/science/article/abs/pii/S1525505020303929,,,
130,2020,original,corresponding,ortho,Comparison of Accuracy in Expert Clinical Examination versus Magnetic Resonance Imaging and Arthroscopic Exam in Diagnosis of Meniscal Tear,"Hashemi SA, Ranjbar MR, Tahami M, Shahriarirad R*, Erfani A",Advances in Orthopedics,https://www.hindawi.com/journals/aorth/2020/1895852/,,,
131,2020,original,,infectious;pubhealth,"Seroprevalence of Toxocariasis and Its Related Risk Factors among Municipal Street Sweepers in Shiraz District in Fars Province, Southern Iran","Erfani A, Pouryousef A, Arefkhah N, Shahriarirad R, Rastegarian M, Zeighami A, Sarkari B*",Clinical Epidemiology and Global Health,https://www.sciencedirect.com/science/article/abs/pii/S2213398420300038,,,
132,2020,original,,vascular;transplant,Inferior Vena Cava Repair Using Diaphragm in Animal Model,"Hodjati H, Hosseinzadeh A, Farzaneh BA*, Ghoddusi Johari H, Ebrahimi N, Anbardar MH, Shahriarirad R",Annals of Vascular Surgery,https://www.sciencedirect.com/science/article/abs/pii/S0890509620301928,,,
133,2019,original,,infectious,Seroepidemiological Study of Cystic Echinococcosis in Nomadic Communities in the Southwest of Iran: A Population-based Study,"Moshfe A, Sarkari B, Arefkhah N, Nikbakht R, Shahriarirad R, Rezaei Z, Hosseini Z",Journal of Immunoassay and Immunochemistry,https://www.tandfonline.com/doi/abs/10.1080/15321819.2018.1547974,,,
134,2019,original,,infectious,Attenuated Leishmania major Induce a High Level of Protection against Leishmania infantum in BALB/c Mice,"Ghadimi SN, Homayoon L, Shahriarirad R, Fatehpour S, Rastegarian M, Sarkari B*",Iranian Journal of Parasitology,https://www.ncbi.nlm.nih.gov/pmc/articles/PMC6737356/,,,
135,2017,original,,infectious;pubhealth,"Seroepidemiological Survey of Toxoplasmosis among Female University Students in Shiraz, Southern Iran","Taghizadeh H, Shahriarirad R, Erfani A, Nekouei F, Seifbehzad S, Khabisi SA, Sarkari B",Annals of Tropical Medicine and Public Health,,,,
136,2017,original,,infectious,Effect of Hydroalcoholic Extract of Echinacea purpurea in Combination with Meglumine Antimoniate on Treatment of Leishmania major-Induced Cutaneous Leishmaniasis in BALB/c Mice,"Sarkari B, Mohseni M, Moein MR, Shahriarirad R, Asgari Q*",International Journal of Applied and Basic Medical Research,https://www.ncbi.nlm.nih.gov/pmc/articles/PMC5327608/,,,
137,2016,original,,infectious,Effect of Topical Gel Prepared with Hydroalcoholic Extract of Echinacea purpurea on Treatment of Leishmania major-Induced Cutaneous Leishmaniasis in BALB/C Mice,"Sarkari B, Sattari H, Moein MR, Tamadon AM, Shahriarirad R, Asgari Q*",Journal of Pharmaceutical Negative Results,http://www.pnrjournal.com/index.php?mno=133709,,,
138,2015,original,,infectious;pubhealth,"Population-based Seroprevalence of Malaria in Hormozgan Province, Southeastern Iran: A Low Transmission Area","Hatam GR, Nejati F, Mohammadzadeh T, Shahriarirad R, Sarkari B*",Malaria Research and Treatment,https://downloads.hindawi.com/archive/2015/174570.pdf,,,
139,2024,case,,vascular,Vascular Complications During Appendectomy; Severe Adhesion of the Appendix to the Right Iliac Artery: A Case Report,"Hosseinzadeh A, Rezaeibana H, Khosravi MR, Sourani A, Yazdanshenas H, Shahriarirad R*",Journal of Medical Case Reports,https://link.springer.com/article/10.1186/s13256-024-04794-8,,,
140,2024,case,,vascular,An Unsuspected Extracranial Internal Carotid Pseudoaneurysm Following Dog Bites: A Case Report and Review of Literature,"Hosseinzadeh A, Shahriarirad R, Dalfardi F, Arianpour H, Zarimeidani F*",International Journal of Emergency Medicine,https://link.springer.com/article/10.1186/s12245-024-00688-0,,,
141,2024,case,,infectious;neuro,Chronic Inflammatory Demyelinating Polyneuropathy following COVID-19 Vaccination: A Case Report and Literature Review,"Bahramy MA, Hashempour Z*, Shahriarirad R",BMC Neurology,https://bmcneurol.biomedcentral.com/articles/10.1186/s12883-024-03756-3,,,
142,2024,case,,thoracic;transplant,Successful Bilateral Lung Transplantation in Pulmonary Alveolar Microlithiasis: A Case Report and Review of Literature,"Mardani P, Naseri R, Shahriarirad R, Mahram H*, Shafi M, Dehghanian A, Ziaian B",The Clinical Respiratory Journal,http://doi.org/10.1111/crj.13773,,,
143,2024,case,,thoracic;oncology,Pleural Epithelioid Hemangioendothelioma in a 39-Year-Old Female: A Case Report,"Mardani P, Shahriarirad R, Nekooeian M, Anbardar MH, Ziaian B, Kamran H, Ayare N, Vafabin M, Fouladi D*",Journal of Cardiothoracic Surgery,http://dx.doi.org/10.1186/s13019-024-02602-4,,,
144,2024,case,corresponding,urology,Nephrotic Syndrome due to Focal Segmental Glomerulosclerosis Complicating Scleroderma: A Case Report,"Mehdipour Dalivand M, Hadjiabbasi A, Ramezanzadeh E, Habibzadeh SM, Goudarzi K, Shahriarirad R, Zayeni H*",Journal of Medical Case Reports,https://jmedicalcasereports.biomedcentral.com/articles/10.1186/s13256-023-04273-6,,,
145,2023,case,corresponding,vascular,Aortoduodenal Fistula and Abdominal Aortic Aneurysm as a Complication of Brucella Aortitis managed with In Situ Aortic Aneurysm Repair: A Case Report,"Hosseinzadeh A, Zehra J, Davarpanah MA, Moeini Farsani M, Ghasemi Gorji M, Shahriarirad R*",Clinical Case Reports,https://onlinelibrary.wiley.com/doi/10.1002/ccr3.8269,,,
146,2023,case,,gi,Primary Abdominal Cocoon Syndrome Manifesting with Chilaiditi Syndrome and Intestinal Obstruction: A Case Report,"Tajaddini A, Fallahi MM*, Haghshenas H, Nourmohammadi SS, Ghahramani L, Shahriarirad R",Clinical Case Reports,https://onlinelibrary.wiley.com/doi/10.1002/ccr3.8363,,,
147,2023,case,corresponding,transplant,Nonoperative Management of Biliopleural Fistula following Living-Donor Liver Transplantation: A Case Report,"Kazemi K, Rasekhi A, Sohrabi Nazari S, Lashkarizadeh MM, Shamsaeefar A, Alikhani M, Akbari A, Shahriarirad R*",Clinical Case Reports,https://onlinelibrary.wiley.com/doi/10.1002/ccr3.8210,,,
148,2023,case,corresponding,thoracic;oncology,A Massive Immature Mediastinal Teratoma Treated with Chemotherapy and Surgical Resection: A Case Report,"Mardani P, Kamran H, Ghaderpanah R, Geramizadeh B, Fouladi D, Shahriarirad R*, Amirian A",Journal of Cardiothoracic Surgery,https://cardiothoracicsurgery.biomedcentral.com/articles/10.1186/s13019-023-02389-w,,,
149,2023,case,corresponding,thoracic;oncology,Surgical Removal of an Unusual Huge Solitary Fibrous Tumor in the Mediastinum: A Case Report,"Mardani P, Nekooeian M, Zangeneh S, Kamran H, Shahriarirad R*, Anbardar MH, Amirian A, Vafabin M",Journal of Cardiothoracic Surgery,https://cardiothoracicsurgery.biomedcentral.com/articles/10.1186/s13019-023-02366-3,,,
150,2023,case,corresponding,thoracic,Bronchobiliary Fistulae as a Complication of Untreated Pulmonary Hydatid Cyst Presenting with Bilioptysis: A Report of Two Cases,"Mardani P, Kamran H, Khosravi F, Shahriarirad R*, Amirian A, Ziaian B",Clinical Case Reports,http://doi.org/10.1002/ccr3.7524,,,
151,2023,case,,plastic;derm,"Coexistence of Mucinous Nevus and Multiple Collagenoma with Unilateral, Dermatomal, and Multi Segmental Distribution","Faghihi G, Moeine R, Mohaghegh F*, Rajabi P, Shahriarirad R",Clinical Case Reports,https://onlinelibrary.wiley.com/doi/full/10.1002/ccr3.7429,,,
152,2023,case,,plastic;derm,Granuloma Annulare with Alopecia Areata in a 6-Years-Old Girl: A Case Report,"Mohaghegh F*, Moeine R, Saber M, Fatemeh S, Nekooeian M, Shahriarirad R",Journal of Medical Case Reports,https://jmedicalcasereports.biomedcentral.com/articles/10.1186/s13256-023-03864-7,,,
153,2023,case,,,Atypical Presentation of Amyloidosis in a Female Patient with Muscle Weakness,"Lashkari R, Loghman M, Aghaghazvini L, Saffar H, Ziaadini B, Shahriarirad R, Rahmanian E, Alikhani M*",Case Reports in Medicine,https://www.hindawi.com/journals/crim/2023/1553163/,,,
154,2023,case,co-first,oncology,Extramedullary Relapse of Immunoglobulin A-Kappa Myeloma Manifesting as Plasmacytoma of the Pleura: A Case Report,"Rezvani A, Shahriarirad R, Fallahi MJ, Zeighami A*",Journal of Medical Case Reports,https://jmedicalcasereports.biomedcentral.com/articles/10.1186/s13256-023-03765-9,,,
155,2023,case,corresponding,thoracic,Cavernous Mediastinal Hemangioma Presenting with Persistent Cough: A Rare Case Report and Review of Literature,"Mardani P, Kamran H, Geramizadeh B, Darabi MH, Najafi M, Amirian A, Shahriarirad R*",Journal of Cardiothoracic Surgery,https://cardiothoracicsurgery.biomedcentral.com/articles/10.1186/s13019-023-02130-7,,,
156,2022,case,,infectious,Necrotizing Autoimmune Myositis following Coronavirus Disease 2019 Infection: A Case Report,"Loghman M, Rahmanian E, Alikhani M, Saffar H, Ziaadini B, Shahriarirad R, Faezi ST*",Journal of Medical Case Reports,https://jmedicalcasereports.biomedcentral.com/articles/10.1186/s13256-022-03680-5,,,
157,2022,case,corresponding,vascular;infectious,Lower Limb Lymphedema and Cellulitis as a Complication of COVID-19 Vaccine: A Case Report,"Hosseinzadeh A, Ebrahimi K, Shahriarirad R*, Dalfardi F",Clinical Case Reports,https://onlinelibrary.wiley.com/doi/10.1002/ccr3.6317,,,
158,2022,case,,infectious,COVID-19 Vaccine-Induced Vasculitis in a Patient with Sarcoidosis: A Case Report,"Rahmanian E, Alikhani M*, Loghman M, Beikmohamadi Hezaveh S, Zangeneh S, Shahriarirad R, Faezi ST, Nejadhosseinian M",Clinical Case Reports,https://onlinelibrary.wiley.com/doi/10.1002/ccr3.6501,,,
159,2022,case,corresponding,vascular,Great Saphenous Vein Aneurysm Mimicking Inguinal Hernia: A Case Report,"Ghoddusi Johari H, Malekhosseini H, Erfani A, Shahriarirad R*",Journal of Medical Case Reports,https://jmedicalcasereports.biomedcentral.com/articles/10.1186/s13256-022-03655-6,,,
160,2022,case,,oncology,Adenocarcinoma Metastasis from Colon to the Thyroid: A Case Report,"Mardani P, Ayareh N, Kamran H, Shahriarirad R",Case Reports in Surgery,https://www.hindawi.com/journals/cris/2022/8705143/,,,
161,2022,case,corresponding,vascular,Spontaneous Rupture of a Large Splenic Artery Aneurysm in a 59-year-old Male Patient with Pemphigus Vulgaris: A Case Report,"Hosseinzadeh A, Shahriarirad R*, Asgharzadeh Majdazar V, Moeini Farsani M, Tadayon SMK",Journal of Medical Case Reports,https://jmedicalcasereports.biomedcentral.com/articles/10.1186/s13256-022-03618-x,,,
162,2022,case,,plastic;derm,Pemphigus Vegetans Misdiagnosed as Condyloma Acuminata: A Case Report,"Siadat AH, Moeine R*, Iraji F, Galehdari H, Shahriarirad R",Clinical Case Reports,http://dx.doi.org/10.1002/ccr3.6393,,,
163,2022,case,,plastic;derm,Treatment of Vulvar Basal Cell Carcinoma with Slow-Mohs Micrographic Surgery: A Case Report,"Asilian A, Moeine R*, Hafezi H, Shahriarirad R",Clinical Case Reports,https://onlinelibrary.wiley.com/doi/10.1002/ccr3.6442,,,
164,2022,case,corresponding,thoracic,Near-Complete Tracheal Obstruction Due to Mucormycosis: Report of Two Cases,"Fallahi MJ, Nikandish R, Ziaian B, Shahriarirad R*",Clinical Case Reports,https://onlinelibrary.wiley.com/doi/full/10.1002/ccr3.6278,,,
165,2022,case,corresponding,thoracic;oncology,Primary Malignant Epithelioid Hemangioendothelioma of the Pleura: A Review and Report of a Novel Case,"Rezvani A, Shahriarirad R*, Erfani A, Ranjbar K",Clinical Case Reports,https://onlinelibrary.wiley.com/doi/10.1002/ccr3.6211,,,
166,2022,case,corresponding,plastic,Subscapular Elastofibrolipoma Treated with Marginal Resection: A Report of Two Rare Cases,"Mardani P, Kamran H, Ayare N, Shahriarirad R*, Anbardar MH, Amirian A",Journal of Medical Case Reports,https://jmedicalcasereports.biomedcentral.com/articles/10.1186/s13256-022-03522-4,,,
167,2022,case,corresponding,gi,Gallbladder Agenesis without Additional Biliary Tracts Abnormality,"Meshkati Yazd SM, Bayati H, Nabavizadeh SS, Shahriarirad R*",Case Reports in Gastrointestinal Medicine,https://www.hindawi.com/journals/crigm/2022/3209658/,,,
168,2022,case,corresponding,thoracic;oncology,Mediastinal Thymoma in A Patient with Previous Rectal and Breast Cancers: A Report of a Case with Multiple Primary Cancers and Review of Literature,"Mardani P, Fallahi MM, Kamran H, Shahriarirad R*",Clinical Case Reports,https://onlinelibrary.wiley.com/doi/10.1002/ccr3.5987,,,
169,2022,case,,thoracic,Tracheal Myoepithelioma Resected by Using Rigid Bronchoscopy: A Case Report and Review of the Literature,"Mardani P, Ebrahimi K, Shahriarirad R, Geramizadeh B, Kamran H*, Ziaian B, Amirian A",Journal of Cardiothoracic Surgery,https://cardiothoracicsurgery.biomedcentral.com/articles/10.1186/s13019-022-01880-0,,,
170,2022,case,corresponding,vascular,Simultaneous Retrograde Venous and Anterograde Arterial Bullet Embolism: A Rare Case Report of Shotgun Pellet Embolism to the Heart and Popliteal Artery,"Hosseinzadeh A, Moeini Farsani M, Mahmoudi MM, Tadayon SMK, Ghoddusi Johari H, Shahriarirad R*",BMC Journal of Medical Case Reports,https://link.springer.com/article/10.1186/s13256-022-03414-7,,,
171,2022,case,,gi,Management of Drug-Induced Liver Injury with Persian Medicine: Case Report,"Jaladat AM, Zareifar S, Daneshfard B*, Shahriarirad R",Integrative Medicine Reports,https://www.liebertpub.com/doi/full/10.1089/imr.2021.0006,,,
172,2022,case,,,Antineutrophil Cytoplasmic Antibody-associated Vasculitis in Presence of Positive Antiphospholipid Antibody: A Case Report,"Akhlaghi Kalahroodi M, Loghman M, Ramezanpoor M, Shahriarirad R, Rahmanian E*",BMC Journal of Medical Case Reports,https://link.springer.com/article/10.1186/s13256-022-03256-3,,,
173,2022,case,,gi;oncology,A Large Undifferentiated Sarcoma of the Liver in a 13-year-old Girl Treated with Anatomical Resection: A Case Report and Review of the Literature,"Bahador A, Forooghi M, Shahriarirad R, Geramizadeh B, Ataollahi M, Kamran H*",BMC Gastroenterology,https://bmcgastroenterol.biomedcentral.com/articles/10.1186/s12876-021-02076-x,,,
174,2021,case,,gi,Management of Asymptomatic Perforation of a Pediatric Rectal Foreign Body into the Peritoneal Cavity Retrieved with Laparoscopy: A Case Report,"Forooghi M, Hooman K*, Shahriarirad R",Case Reports in Medicine,https://www.hindawi.com/journals/crim/2021/5851967/,,,
175,2021,case,,thoracic;infectious;pulm,Management of Pleural Empyema in a 12-year-old Obese Patient with COVID-19: A Pediatric Case Report,"Abbasi R, Javanmardi F*, Mokhtari A, Hosseinpour P, Shahriarirad R, Ebrahimi K",BMC Pediatrics,https://bmcpediatr.biomedcentral.com/articles/10.1186/s12887-021-03007-1,,,
176,2021,case,,vascular;ortho,Profunda Brachii Pseudoaneurysm following Supracondylar Fracture of Humerus Repair in an 8-Year-Old Boy: A Case Report and Review of Literature,"Ghoddusi Johari H, Erfani MA, Erfani A*, Shahriarirad R, Karami MM",Case Reports in Orthopedics,https://www.hindawi.com/journals/crior/2021/1768529/,,,
177,2021,case,first;corresponding,infectious,Multisystem Inflammatory Syndrome with Features of Atypical Kawasaki Disease during the COVID-19 Pandemic,"Shahriarirad R, Sanaei Dashti A*, Hajiani Ghotbabadi S",Case Reports in Pediatrics,https://www.hindawi.com/journals/cripe/2021/9950588/,,,
178,2021,case,,urology,ROHHAD Syndrome an Inconspicuous Cause of Hypernatremia: A Case Report,"Basiratnia M, Derakhshan D*, Foloudi D, Ranjbar K, Shahriarirad R",Iranian Journal of Kidney Diseases,,,,
179,2021,case,,,"Successful Use of 'Ma'oljobon', a Persian Medicine Product, in a Patient with Severe Chronic Cough: A Case Report","Jaladat AM, Ranjbar K*, Shahriarirad R, Salehi Z",Advances in Integrative Medicine,https://www.sciencedirect.com/science/article/abs/pii/S2212958821000458,,,
180,2021,case,,thoracic,Non-operative Management of Bilateral Contained Thoracic Esophageal Perforation: A Case Report,"Amirian A, Shahriarirad R, Mardani P, Salimi M*",BMC Surgery,https://link.springer.com/article/10.1186/s12893-021-01121-6,,,
181,2021,case,corresponding,thoracic,Main Bronchus Penetration by Thoracostomy Tube: A Rare Inadvertent Complication,"Mardani P, Shahriarirad R*, Erfani A, Ranjbar K, Ziaian B, Amirian A, Kamran H",Bulletin of Emergency and Trauma,https://www.ncbi.nlm.nih.gov/pmc/articles/PMC8062891/,,,
182,2020,case,,thoracic,Concomitant Pulmonary Hydatid Cyst and Aspergilloma: A Rare Co-infection,"Zareshahrabadi Z, Sarkari B, Shamsolvaezin N, Ziaian B, Tootoonchi A, Shahriarirad R, Erfani A",Case Reports in Infectious Diseases,https://www.hindawi.com/journals/criid/2020/6650478/,,,
183,2020,case,,thoracic,Intrapulmonary Mature Cystic Teratoma of the Lung: Case Report of a Rare Entity,"Mardani P, Naseri R, Amirian A, Shahriarirad R, Anbardar MH, Fouladi D*, Ranjbar K",BMC Surgery,https://link.springer.com/article/10.1186/s12893-020-00864-y,,,
184,2020,case,,vascular,Internal Jugular Vein Injury by Fishbone Ingestion,"Amirian A, Ghoddusi Johari H, Karoobi M*, Shahriarirad R, Ranjbar K",Case Reports in Surgery,https://www.hindawi.com/journals/crim/2020/9182379/,,,
185,2020,case,corresponding,vascular,Median Arcuate Ligament Syndrome Presenting as Splenic Infarction,"Ghoddusi Johari H, Eskandari S, Parvizi H, Farshadi M, Shahriarirad R*",The American Surgeon,https://www.proquest.com/openview/0ca25f5b658eb95b52ea7b277c643f98/1,,,
186,2020,case,corresponding,plastic;vascular,High Flow Scalp Arteriovenous Malformation: A Case Report,"Ghoddusi Johari H, Shahriarirad R*, Erfani A, Darabi MH",World Journal of Plastic Surgery,https://www.ncbi.nlm.nih.gov/pmc/articles/PMC7482528/,,,
187,2020,case,,thoracic,Successful Management of a Huge Pulmonary Hydatid Cyst with Lung-Preserving Surgery,"Amirian A, Ziaian B, Erfani A*, Shahriarirad R, Ranjbar K",Case Reports in Surgery,https://www.hindawi.com/journals/cris/2020/9526406/,,,
188,2020,case,corresponding,vascular,Massive Hemoptysis following Cannulation of Right Internal Jugular Vein for Insertion of Cuffed Hemodialysis Catheter: A Rare Complication of Central Venous Catheterization,"Ghoddusi Johari H, Lashkarizadeh MM, Mardani P, Shahriarirad R*",The Journal of Vascular Access,https://journals.sagepub.com/doi/full/10.1177/1129729820910304,,,
189,2020,case,,plastic;ortho,Masson's Tumor of the Hand: An Uncommon Histopathological Entity,"Mardani P, Askari A, Shahriarirad R*, Ranjbar K, Erfani A, Anbardar MH, Moradmand S",Case Reports in Pathology,https://www.hindawi.com/journals/cripa/2020/4348629/,,,
190,2020,case,corresponding,thoracic,Misplacement of Tracheostomy Tube in Right Main Bronchus: A Rare Complication,"Amirian A, Shahriarirad R*, Ziaian B, Mardani P, Erfani A",Case Reports in Surgery,https://www.hindawi.com/journals/cris/2020/3597901/,,,
191,2020,letter,first;corresponding,infectious;pulm,TB and the COVID-19 Pandemic: Brothers in Arms against Lung Health,"Shahriarirad R, Fallahi MJ*",The International Journal of Tuberculosis and Lung Disease,https://pubmed.ncbi.nlm.nih.gov/33126954/,,,
192,2020,letter,first;corresponding,infectious,COVID-19: Clinical or Laboratory Diagnosis? A Matter of Debate,"Shahriarirad R, Sarkari B*",Tropical Doctor,https://journals.sagepub.com/doi/full/10.1177/0049475520945446,,,
193,2022,case,,ortho,Comparison of Accuracy in Expert Clinical Examination versus MRI and Arthroscopic Exam in Diagnosis of Meniscal Tear,"Hashemi SA, Ranjbar MR, Tahami M, Shahriarirad R*, Erfani A",Advances in Orthopedics,https://www.hindawi.com/journals/aorth/2020/1895852/,,,
194,2023,case,,,Atypical Presentation of Amyloidosis in a Female Patient with Muscle Weakness,"Lashkari R, Loghman M, Aghaghazvini L, Saffar H, Ziaadini B, Shahriarirad R, Rahmanian E, Alikhani M*",Case Reports in Medicine,https://www.hindawi.com/journals/crim/2023/1553163/,,,
195,2026,original,first,bariatric,Testing,"Shahriarirad R*, Test A",Test Journal,www.google.com,Dummy,yes,yes
